mutation_index,mutation,mut_interaction_energy,wt_interaction_energy,ddG_interaction_energy,mut_backbone_hbond,wt_backbone_hbond,ddG_backbone_hbond,mut_sidechain_hbond,wt_sidechain_hbond,ddG_sidechain_hbond,mut_vdw,wt_vdw,ddG_vdw,mut_electrostatics,wt_electrostatics,ddG_electrostatics,mut_solvation_polar,wt_solvation_polar,ddG_solvation_polar,mut_solvation_hydrophobic,wt_solvation_hydrophobic,ddG_solvation_hydrophobic,mut_vdw_clashes,wt_vdw_clashes,ddG_vdw_clashes,mut_entropy_sidechain,wt_entropy_sidechain,ddG_entropy_sidechain,mut_entropy_mainchain,wt_entropy_mainchain,ddG_entropy_mainchain,mut_sloop_entropy,wt_sloop_entropy,ddG_sloop_entropy,mut_mloop_entropy,wt_mloop_entropy,ddG_mloop_entropy,mut_cis_bond,wt_cis_bond,ddG_cis_bond,mut_torsional_clash,wt_torsional_clash,ddG_torsional_clash,mut_backbone_clash,wt_backbone_clash,ddG_backbone_clash,mut_helix_dipole,wt_helix_dipole,ddG_helix_dipole,mut_water_bridge,wt_water_bridge,ddG_water_bridge,mut_disulfide,wt_disulfide,ddG_disulfide,mut_electrostatic_kon,wt_electrostatic_kon,ddG_electrostatic_kon,mut_partial_covalent,wt_partial_covalent,ddG_partial_covalent,mut_energy_ionisation,wt_energy_ionisation,ddG_energy_ionisation,mut_entropy_complex,wt_entropy_complex,ddG_entropy_complex,mut_n_residues,wt_n_residues,mut_interface_residues,wt_interface_residues,mut_interface_clashing,wt_interface_clashing,mut_interface_vdw_clashing,wt_interface_vdw_clashing,mut_interface_bb_clashing,wt_interface_bb_clashing
1,T415A,-18.6699,-17.8731,-0.7968,-7.3431,-7.3842,0.0411,-15.8983,-15.9201,0.0218,-23.3539,-23.5451,0.1912,-2.3906,-2.3935,0.0029,34.0546,34.5807,-0.5261,-26.3588,-26.4349,0.0761,5.9129,5.9238,-0.0109,9.1194,9.3043,-0.1849,7.4848,7.8909,-0.4061,0.0,0.0,0.0,0.0,0.0,0.0,0.0,0.0,0.0,0.3107,0.3125,-0.0017,4.7538,4.7837,-0.03,0.0202,0.0202,0.0,0.0,0.0,0.0,0.0,0.0,0.0,-0.2276,-0.2276,0.0,0.0,0.0,0.0,0.0,0.0,0.0,2.384,2.384,0.0,1258.0,1258.0,64.0,64.0,0.0,0.0,0.0,0.0,0.0,0.0
2,G416A,-17.4724,-17.863,0.3906,-7.3842,-7.3842,0.0,-17.0068,-15.9418,-1.065,-23.9769,-23.5886,-0.3883,-2.3731,-2.3838,0.0108,34.9376,34.651,0.2866,-27.0162,-26.4745,-0.5417,6.9593,5.9275,1.0318,10.3379,9.3138,1.0241,7.9329,7.909,0.0239,0.0,0.0,0.0,0.0,0.0,0.0,0.0,0.0,0.0,0.3245,0.3161,0.0084,4.8325,4.7884,0.0441,0.0202,0.0202,0.0,0.0,0.0,0.0,0.0,0.0,0.0,-0.2276,-0.2276,0.0,0.0,0.0,0.0,0.0,0.0,0.0,2.384,2.384,0.0,1258.0,1258.0,65.0,64.0,0.0,0.0,0.0,0.0,0.0,0.0
3,K417A,-16.4683,-18.0281,1.5598,-7.4011,-7.3954,-0.0057,-13.769,-15.841,2.072,-22.0856,-23.3546,1.269,-1.4982,-2.24,0.7418,30.9735,33.9708,-2.9973,-24.9186,-26.2284,1.3098,5.8828,5.9017,-0.0189,8.1496,9.1525,-1.0029,7.9022,7.8931,0.0091,0.0,0.0,0.0,0.0,0.0,0.0,0.0,0.0,0.0,0.2843,0.3089,-0.0246,4.7488,4.77,-0.0213,0.0209,0.0202,0.0008,0.0,0.0,0.0,0.0,0.0,0.0,-0.0092,-0.216,0.2068,0.0,0.0,0.0,0.0,0.0,0.0,2.384,2.384,0.0,1258.0,1258.0,63.0,64.0,0.0,0.0,0.0,0.0,0.0,0.0
4,L455A,-16.6292,-17.9276,1.2984,-7.3389,-7.3952,0.0563,-15.8307,-15.8577,0.027,-22.5489,-23.3757,0.8268,-2.0769,-2.1242,0.0473,33.0282,34.0141,-0.9859,-25.0221,-26.267,1.2449,5.8458,5.9028,-0.0571,9.3845,9.1707,0.2138,7.8587,7.8904,-0.0318,0.0,0.0,0.0,0.0,0.0,0.0,0.0,0.0,0.0,0.2637,0.3066,-0.0429,4.3338,4.7448,-0.411,0.0202,0.0202,0.0,0.0,0.0,0.0,0.0,0.0,0.0,-0.2127,-0.2127,0.0,0.0,0.0,0.0,0.0,0.0,0.0,2.384,2.384,0.0,1258.0,1258.0,64.0,64.0,0.0,0.0,0.0,0.0,0.0,0.0
5,S459A,-17.8066,-17.8731,0.0665,-7.4626,-7.3842,-0.0783,-15.9473,-15.9201,-0.0272,-23.5818,-23.5451,-0.0367,-2.3903,-2.3935,0.0031,34.6606,34.5807,0.0799,-26.5066,-26.4349,-0.0717,5.9911,5.9238,0.0673,9.3094,9.3043,0.005,8.0248,7.8909,0.1339,0.0,0.0,0.0,0.0,0.0,0.0,0.0,0.0,0.0,0.3089,0.3125,-0.0036,4.7779,4.7837,-0.0058,0.0202,0.0202,0.0,0.0,0.0,0.0,0.0,0.0,0.0,-0.2328,-0.2276,-0.0052,0.0,0.0,0.0,0.0,0.0,0.0,2.384,2.384,0.0,1258.0,1258.0,64.0,64.0,0.0,0.0,0.0,0.0,0.0,0.0
6,G476A,-17.3698,-17.8731,0.5033,-7.379,-7.3842,0.0052,-15.3984,-15.9201,0.5217,-23.6996,-23.5451,-0.1545,-2.3923,-2.3935,0.0012,34.5874,34.5807,0.0067,-26.7062,-26.4349,-0.2713,6.0566,5.9238,0.1329,9.2716,9.3043,-0.0327,8.205,7.8909,0.3142,0.0,0.0,0.0,0.0,0.0,0.0,0.0,0.0,0.0,0.2925,0.3125,-0.02,4.8557,4.7837,0.072,0.0202,0.0202,0.0,0.0,0.0,0.0,0.0,0.0,0.0,-0.2276,-0.2276,0.0,0.0,0.0,0.0,0.0,0.0,0.0,2.384,2.384,0.0,1258.0,1258.0,65.0,64.0,0.0,0.0,0.0,0.0,0.0,0.0
7,N487A,-15.3025,-17.8731,2.5706,-6.7688,-7.3842,0.6154,-12.7679,-15.9201,3.1522,-22.8639,-23.5451,0.6812,-2.3365,-2.3935,0.057,33.4881,34.5807,-1.0926,-25.9415,-26.4349,0.4934,5.0683,5.9238,-0.8554,8.9108,9.3043,-0.3936,7.8272,7.8909,-0.0636,0.0,0.0,0.0,0.0,0.0,0.0,0.0,0.0,0.0,0.289,0.3125,-0.0234,4.6515,4.7837,-0.1322,0.0202,0.0202,0.0,0.0,0.0,0.0,0.0,0.0,0.0,-0.2276,-0.2276,0.0,0.0,0.0,0.0,0.0,0.0,0.0,2.384,2.384,0.0,1258.0,1258.0,64.0,64.0,0.0,0.0,0.0,0.0,0.0,0.0
8,Y495A,-18.9688,-18.3765,-0.5923,-7.3834,-7.3853,0.0018,-17.0925,-16.2582,-0.8343,-23.3669,-23.5619,0.195,-2.3626,-2.4093,0.0467,34.1104,34.4414,-0.331,-26.2588,-26.4713,0.2125,5.9352,5.9264,0.0088,9.4658,9.355,0.1108,7.8876,7.8836,0.0041,0.0,0.0,0.0,0.0,0.0,0.0,0.0,0.0,0.0,0.3091,0.3158,-0.0067,4.7795,4.7816,-0.0021,0.0202,0.0202,0.0,0.0,0.0,0.0,0.0,0.0,0.0,-0.2328,-0.2328,0.0,0.0,0.0,0.0,0.0,0.0,0.0,2.384,2.384,0.0,1258.0,1258.0,64.0,64.0,0.0,0.0,0.0,0.0,0.0,0.0
9,G496A,-17.5749,-17.8713,0.2964,-7.3873,-7.3845,-0.0028,-15.8898,-15.9201,0.0303,-23.9141,-23.5439,-0.3702,-2.4001,-2.3935,-0.0066,34.8403,34.5725,0.2678,-27.0298,-26.4379,-0.5919,6.8153,5.9236,0.8917,9.3478,9.3072,0.0406,7.8981,7.9002,-0.0021,0.0,0.0,0.0,0.0,0.0,0.0,0.0,0.0,0.0,0.3521,0.3125,0.0396,4.9857,4.7842,0.2015,0.0202,0.0202,0.0,0.0,0.0,0.0,0.0,0.0,0.0,-0.2276,-0.2276,0.0,0.0,0.0,0.0,0.0,0.0,0.0,2.384,2.384,0.0,1258.0,1258.0,64.0,64.0,0.0,0.0,0.0,0.0,0.0,0.0
10,Q498A,-17.7759,-17.699,-0.0769,-7.3892,-7.3701,-0.0191,-14.1948,-15.0133,0.8185,-23.0677,-23.6875,0.6198,-2.3935,-2.3935,0.0,33.8466,34.8275,-0.9809,-26.0748,-26.4999,0.4251,5.9097,5.9316,-0.0219,7.7974,8.4774,-0.68,7.6891,7.9214,-0.2323,0.0,0.0,0.0,0.0,0.0,0.0,0.0,0.0,0.0,0.3088,0.3149,-0.0061,4.6893,4.8269,-0.1375,0.0202,0.0202,0.0,0.0,0.0,0.0,0.0,0.0,0.0,-0.2276,-0.2276,0.0,0.0,0.0,0.0,0.0,0.0,0.0,2.384,2.384,0.0,1258.0,1258.0,65.0,65.0,0.0,0.0,0.0,0.0,0.0,0.0
11,N501A,-16.2346,-18.0789,1.8443,-6.7462,-7.4321,0.6859,-15.2401,-15.9257,0.6856,-23.1067,-23.5852,0.4785,-2.4053,-2.4053,0.0,33.6842,34.7017,-1.0175,-26.2288,-26.4493,0.2205,5.6788,5.6865,-0.0077,9.3389,9.3033,0.0357,8.6928,7.8967,0.7961,0.0,0.0,0.0,0.0,0.0,0.0,0.0,0.0,0.0,0.3052,0.3379,-0.0327,4.5644,4.8129,-0.2485,0.0202,0.0202,0.0,0.0,0.0,0.0,0.0,0.0,0.0,-0.2276,-0.2276,0.0,0.0,0.0,0.0,0.0,0.0,0.0,2.384,2.384,0.0,1258.0,1258.0,64.0,64.0,0.0,0.0,0.0,0.0,0.0,0.0
12,G502A,-18.8097,-17.8844,-0.9253,-7.4264,-7.3927,-0.0338,-15.9062,-15.9137,0.0075,-23.9728,-23.5358,-0.437,-2.4106,-2.4106,0.0,34.8974,34.5803,0.3171,-27.1707,-26.4197,-0.751,5.9048,5.9044,0.0004,9.3684,9.3045,0.0638,7.8014,7.8937,-0.0924,0.0,0.0,0.0,0.0,0.0,0.0,0.0,0.0,0.0,0.3125,0.3126,-0.0,4.8666,4.7797,0.0869,0.0202,0.0202,0.0,0.0,0.0,0.0,0.0,0.0,0.0,-0.2276,-0.2276,0.0,0.0,0.0,0.0,0.0,0.0,0.0,2.384,2.384,0.0,1258.0,1258.0,65.0,64.0,0.0,0.0,0.0,0.0,0.0,0.0
