mutation_index,mutation,ddG_total,backbone_hbond,sidechain_hbond,vdw,electrostatics,solvation_polar,solvation_hydrophobic,vdw_clashes,entropy_sidechain,entropy_mainchain
1,T415A,0.175,0.0336,0.0218,0.3379,0.0207,-0.9218,0.1762,-0.0114,-0.1879,0.7367
2,G416A,6.1381,1.047,-0.1272,-0.6904,0.0779,1.7638,-1.1358,3.2804,0.5864,1.2229
3,K417A,0.48,0.0201,1.9402,1.8211,-0.6726,-2.8245,2.4329,-0.0635,-1.8683,-0.234
4,L455A,3.0133,0.1008,0.0269,2.0603,0.0473,-1.5237,3.466,-0.06,-1.1968,0.1419
5,S459A,0.6995,0.0879,2.1379,0.4172,-0.1541,-0.924,0.1313,0.0831,-1.238,0.1973
6,G476A,3.7445,-0.0183,0.5225,-0.5756,0.0012,0.5454,-0.9061,2.9656,0.0393,1.2362
7,N487A,3.5524,0.6429,3.1522,1.1947,0.057,-1.9262,0.9908,-0.5398,-0.7474,0.7973
8,Y495A,6.2004,0.0658,0.9853,2.4373,2.1447,-1.9804,3.3977,-0.1062,-0.8422,-0.0137
9,G496A,0.2108,-0.0164,0.0319,-0.4557,-0.0066,0.4713,-0.6387,0.9282,0.027,-0.3106
10,Q498A,0.0863,0.0345,2.3563,1.2408,-0.0,-1.7649,1.2066,-0.2372,-2.8198,0.0776
11,N501A,0.3962,1.0778,1.0369,1.3251,0.0,-2.5833,0.8781,-0.0083,-0.7361,-0.5205
12,G502A,-1.073,-0.1623,-0.121,-0.5946,-0.0,0.7396,-0.9602,-0.0087,0.1986,-0.1633
